image,track_id,type,confidence,length_px,length_cm,width_px,width_mm,max_width_mm,curvature,tortuosity,hough_straightness,hough_segments,mean_intensity,area_px,bbox_x,bbox_y,bbox_w,bbox_h
VID_20220609_215401_A.mp4_snapshot_00.14_[2022.06.10_12.55.24].jpg,2,Electron,0.838,93.0,0.744,4.7,0.37,0.64,0.4727,0.3548,0.858,5,152.1,386,571,31,143,8
VID_20220609_215401_A.mp4_snapshot_00.14_[2022.06.10_12.55.24].jpg,1,Electron,0.838,56.0,0.448,6.9,0.55,0.7,0.3153,0.2888,0.727,4,134.9,305,381,31,22,38
VID_20220609_215401_A.mp4_snapshot_00.14_[2022.06.10_12.55.24].jpg,4,Electron,0.95,42.0,0.336,6.6,0.53,0.7,0.1897,0.1807,0.172,6,138.6,270,613,327,24,31
VID_20220609_215401_A.mp4_snapshot_00.14_[2022.06.10_12.55.24].jpg,3,Electron,0.838,25.0,0.2,7.4,0.59,0.8,0.3428,0.355,0.85,1,129.6,155,432,94,17,12
VID_20220609_215401_A.mp4_snapshot_00.35_[2022.06.10_12.56.31].jpg,2,Electron,0.838,69.0,0.552,4.4,0.35,0.64,0.4093,0.2754,0.888,5,149.1,323,575,31,127,7
VID_20220609_215401_A.mp4_snapshot_00.35_[2022.06.10_12.56.31].jpg,1,Alpha,0.748,45.0,0.36,6.6,0.53,0.64,0.1762,0.115,0.85,2,130.6,286,381,31,22,38
VID_20220609_215401_A.mp4_snapshot_00.35_[2022.06.10_12.56.31].jpg,3,Electron,0.838,31.0,0.248,6.8,0.54,0.64,0.4256,0.4069,0.85,2,143.4,149,612,339,10,20
VID_20220609_215401_A.mp4_snapshot_01.20_[2022.06.10_12.57.12].jpg,2,Electron,0.838,53.0,0.424,4.5,0.36,0.48,0.3577,0.2075,0.953,4,137.9,319,576,31,144,6
VID_20220609_215401_A.mp4_snapshot_01.20_[2022.06.10_12.57.12].jpg,1,Alpha,0.748,44.0,0.352,6.8,0.54,0.67,0.1601,0.0949,0.823,4,122.3,296,381,31,22,38
VID_20220609_215401_A.mp4_snapshot_01.20_[2022.06.10_12.57.12].jpg,3,Electron,0.838,29.0,0.232,7.1,0.57,0.8,0.3269,0.2891,0.85,2,134.3,180,609,341,12,23
VID_20220609_215401_A.mp4_snapshot_01.20_[2022.06.10_12.57.12].jpg,5,Electron,0.838,28.0,0.224,5.6,0.45,0.48,0.5438,0.5235,0.85,2,112.5,94,291,726,6,16
VID_20220609_215401_A.mp4_snapshot_01.20_[2022.06.10_12.57.12].jpg,4,Electron,0.95,25.0,0.2,7.5,0.6,0.86,0.3007,0.3343,0.0,3,138.1,190,62,518,15,18
VID_20220609_215401_A.mp4_snapshot_01.25_[2022.06.10_12.57.39].jpg,1,Electron,0.838,52.0,0.416,6.7,0.54,0.64,0.2715,0.2341,0.938,3,122.8,292,381,31,22,38
VID_20220609_215401_A.mp4_snapshot_01.25_[2022.06.10_12.57.39].jpg,2,Electron,0.838,48.0,0.384,4.4,0.35,0.48,0.4929,0.375,1.0,4,138.6,323,549,31,169,6
VID_20220609_215401_A.mp4_snapshot_01.25_[2022.06.10_12.57.39].jpg,4,Electron,0.838,31.0,0.248,6.8,0.55,0.64,0.3989,0.3737,0.85,2,140.3,159,609,343,11,22
VID_20220609_215401_A.mp4_snapshot_01.25_[2022.06.10_12.57.39].jpg,5,Electron,0.838,28.0,0.224,5.5,0.44,0.48,0.4612,0.4186,0.85,1,121.9,105,184,820,7,19
VID_20220609_215401_A.mp4_snapshot_01.25_[2022.06.10_12.57.39].jpg,3,Electron,0.838,25.0,0.2,7.0,0.56,0.7,0.3359,0.3014,0.85,2,122.9,146,431,94,19,10
VID_20220609_215401_A.mp4_snapshot_01.26_[2022.06.10_12.58.02].jpg,2,Electron,0.838,48.0,0.384,4.3,0.35,0.48,0.4225,0.2917,1.0,4,145.4,239,608,31,111,6
VID_20220609_215401_A.mp4_snapshot_01.26_[2022.06.10_12.58.02].jpg,1,Electron,0.838,46.0,0.368,6.7,0.54,0.64,0.205,0.1444,0.896,3,125.9,286,382,31,21,38
VID_20220609_215401_A.mp4_snapshot_01.26_[2022.06.10_12.58.02].jpg,3,Electron,0.838,28.0,0.224,6.8,0.55,0.67,0.3434,0.3102,0.85,2,146.9,158,609,343,11,21
VID_20220609_215401_A.mp4_snapshot_01.34_[2022.06.10_12.58.26].jpg,1,Electron,0.838,48.0,0.384,6.5,0.52,0.64,0.2583,0.2081,0.886,3,126.2,270,382,31,20,37
VID_20220609_215401_A.mp4_snapshot_01.34_[2022.06.10_12.58.26].jpg,3,Electron,0.838,34.0,0.272,7.0,0.56,0.64,0.4149,0.3937,0.85,2,142.0,164,609,343,11,22
VID_20220609_215401_A.mp4_snapshot_01.34_[2022.06.10_12.58.26].jpg,2,Electron,0.838,27.0,0.216,4.4,0.35,0.64,0.4245,0.2963,1.0,3,145.2,242,609,31,112,7
VID_20220609_215401_A.mp4_snapshot_01.39_[2022.06.10_12.58.57].jpg,1,Alpha,0.748,63.3,0.507,0.0,0.0,0.0,0.0,0.0,1.0,4,139.3,92,117,31,64,2
VID_20220609_215401_A.mp4_snapshot_01.39_[2022.06.10_12.58.57].jpg,2,Electron,0.838,52.0,0.416,6.6,0.53,0.64,0.2405,0.2151,0.912,5,123.2,299,378,31,25,38
VID_20220609_215401_A.mp4_snapshot_01.39_[2022.06.10_12.58.57].jpg,3,Electron,0.838,32.0,0.256,4.2,0.34,0.48,0.5185,0.4062,1.0,6,135.0,337,539,31,186,6
VID_20220609_215401_A.mp4_snapshot_01.39_[2022.06.10_12.58.57].jpg,4,Electron,0.838,26.0,0.208,7.2,0.57,0.7,0.3343,0.2929,0.85,2,142.9,155,609,345,10,20
VID_20220609_215401_A.mp4_snapshot_01.44_[2022.06.10_12.59.40].jpg,5,Electron,0.68,47.0,0.376,6.5,0.52,0.9,0.1377,0.157,0.454,6,131.6,314,681,1350,33,31
VID_20220609_215401_A.mp4_snapshot_01.44_[2022.06.10_12.59.40].jpg,1,Alpha,0.748,44.0,0.352,6.6,0.53,0.64,0.1739,0.1055,0.85,2,122.1,286,382,31,21,38
VID_20220609_215401_A.mp4_snapshot_01.44_[2022.06.10_12.59.40].jpg,2,Electron,0.838,38.0,0.304,4.2,0.34,0.48,0.4456,0.3158,1.0,6,134.7,321,549,31,170,6
VID_20220609_215401_A.mp4_snapshot_01.44_[2022.06.10_12.59.40].jpg,3,Electron,0.838,29.0,0.232,6.8,0.54,0.64,0.372,0.334,0.85,2,139.6,151,609,345,10,21
VID_20220609_215401_A.mp4_snapshot_01.44_[2022.06.10_12.59.40].jpg,4,Electron,0.838,25.0,0.2,7.9,0.63,0.86,0.2676,0.3188,0.85,2,140.8,175,442,900,15,16
